id;full_name;email;diplome;phone;city
1;system;"jX@LuGc.7N";internet solution Moroccan Dirham;(267) 782-2885;Lake Katelynport
2;open-source flexibility;":`cPk7@VDyds1.C=&Dh";overriding Buckinghamshire;949-411-6511;Kertzmannmouth
3;Directives Bedfordshire Sausages;"'$A?pj@F<N.FMTJ2x";invoice executive logistical;1-799-079-3963 x37793;Lake Haydenberg
4;neural withdrawal;"3V@;R81Fy.F";transmitter;1-342-002-0560;Kunzeview
5;Communications ADP Communications;">*tv@5Om.jEtw";Kenyan Shilling Bike Bedfordshire;1-141-127-1065;Gabrielmouth
6;Ball;",O&JS@r.Vf";Chair primary;804-512-2831;East Vernie
7;Auto Loan Account synthesize;"\.w@^*u.0:EWW";Associate;1-431-515-0279 x491;Ovachester
8;Handmade Steel Mouse Fantastic;")Z@$~A..bB";secured line transitional;978.028.0459 x3891;New Carmela
9;reboot Engineer Grocery;"TRW#@,n9O.LdD";array Argentina static;525.278.6947;Zelmaside
10;Reunion USB;"!+1x6@nu.vn";parsing;720.932.6979 x482;Hillsberg
